Cidade,Configuração,Área IBGE (ha),Área IEF (ha),Área Predita (ha),Diferença vs IBGE (ha),Erro vs IBGE (%),Diferença vs IEF (ha),Erro vs IEF (%)
Belo Oriente,aggregate_2d,8408.4,9750.0,9815.73,1407.33,16.74,65.73,0.67
Belo Oriente,aggregate_3d,8408.4,9750.0,10425.35,2016.95,23.99,675.35,6.93
Belo Oriente,aggregate_all,8408.4,9750.0,10769.93,2361.53,28.09,1019.93,10.46
Belo Oriente,majority_2d,8408.4,9750.0,9815.73,1407.33,16.74,65.73,0.67
Belo Oriente,majority_3d,8408.4,9750.0,9331.22,922.82,10.97,-418.78,-4.3
Belo Oriente,majority_all,8408.4,9750.0,9504.42,1096.02,13.03,-245.58,-2.52
Carbonita,aggregate_2d,35746.6,39500.0,39866.13,4119.53,11.52,366.13,0.93
Carbonita,aggregate_3d,35746.6,39500.0,42129.42,6382.82,17.86,2629.42,6.66
Carbonita,aggregate_all,35746.6,39500.0,42573.1,6826.5,19.1,3073.1,7.78
Carbonita,majority_2d,35746.6,39500.0,39866.13,4119.53,11.52,366.13,0.93
Carbonita,majority_3d,35746.6,39500.0,40195.98,4449.38,12.45,695.98,1.76
Carbonita,majority_all,35746.6,39500.0,40255.93,4509.33,12.61,755.93,1.91
Ipaba,aggregate_2d,2453.8,2650.0,2614.57,160.77,6.55,-35.43,-1.34
Ipaba,aggregate_3d,2453.8,2650.0,2866.04,412.24,16.8,216.04,8.15
Ipaba,aggregate_all,2453.8,2650.0,2977.19,523.39,21.33,327.19,12.35
Ipaba,majority_2d,2453.8,2650.0,2614.57,160.77,6.55,-35.43,-1.34
Ipaba,majority_3d,2453.8,2650.0,2561.03,107.23,4.37,-88.97,-3.36
Ipaba,majority_all,2453.8,2650.0,2557.92,104.12,4.24,-92.08,-3.47
Itamarandiba,aggregate_2d,52205.0,78300.0,65716.33,13511.33,25.88,-12583.67,-16.07
Itamarandiba,aggregate_3d,52205.0,78300.0,76634.27,24429.27,46.79,-1665.73,-2.13
Itamarandiba,aggregate_all,52205.0,78300.0,78489.58,26284.58,50.35,189.58,0.24
Itamarandiba,majority_2d,52205.0,78300.0,65716.33,13511.33,25.88,-12583.67,-16.07
Itamarandiba,majority_3d,52205.0,78300.0,68892.47,16687.47,31.97,-9407.53,-12.01
Itamarandiba,majority_all,52205.0,78300.0,68356.73,16151.73,30.94,-9943.27,-12.7
Josenopolis,aggregate_2d,11345.5,7650.0,12642.19,1296.69,11.43,4992.19,65.26
Josenopolis,aggregate_3d,11345.5,7650.0,13775.73,2430.23,21.42,6125.73,80.07
Josenopolis,aggregate_all,11345.5,7650.0,14019.63,2674.13,23.57,6369.63,83.26
Josenopolis,majority_2d,11345.5,7650.0,12642.19,1296.69,11.43,4992.19,65.26
Josenopolis,majority_3d,11345.5,7650.0,12839.18,1493.68,13.17,5189.18,67.83
Josenopolis,majority_all,11345.5,7650.0,12781.74,1436.24,12.66,5131.74,67.08
Minas Novas,aggregate_2d,35104.8,37057.0,36822.01,1717.21,4.89,-234.99,-0.63
Minas Novas,aggregate_3d,35104.8,37057.0,39883.79,4778.99,13.61,2826.79,7.63
Minas Novas,aggregate_all,35104.8,37057.0,41310.92,6206.12,17.68,4253.92,11.48
Minas Novas,majority_2d,35104.8,37057.0,36822.01,1717.21,4.89,-234.99,-0.63
Minas Novas,majority_3d,35104.8,37057.0,36649.53,1544.73,4.4,-407.47,-1.1
Minas Novas,majority_all,35104.8,37057.0,36610.02,1505.22,4.29,-446.98,-1.21
Santana do Paraiso,aggregate_2d,7167.4,7000.0,7857.47,690.07,9.63,857.47,12.25
Santana do Paraiso,aggregate_3d,7167.4,7000.0,8050.3,882.9,12.32,1050.3,15.0
Santana do Paraiso,aggregate_all,7167.4,7000.0,8902.99,1735.59,24.22,1902.99,27.19
Santana do Paraiso,majority_2d,7167.4,7000.0,7857.47,690.07,9.63,857.47,12.25
Santana do Paraiso,majority_3d,7167.4,7000.0,6783.93,-383.47,-5.35,-216.07,-3.09
Santana do Paraiso,majority_all,7167.4,7000.0,6964.38,-203.02,-2.83,-35.62,-0.51
Sao Joao do Paraiso,aggregate_2d,44185.2,48001.0,56703.85,12518.65,28.33,8702.85,18.13
Sao Joao do Paraiso,aggregate_3d,44185.2,48001.0,54825.89,10640.69,24.08,6824.89,14.22
Sao Joao do Paraiso,aggregate_all,44185.2,48001.0,63623.48,19438.28,43.99,15622.48,32.55
Sao Joao do Paraiso,majority_2d,44185.2,48001.0,56703.85,12518.65,28.33,8702.85,18.13
Sao Joao do Paraiso,majority_3d,44185.2,48001.0,46553.47,2368.27,5.36,-1447.53,-3.02
Sao Joao do Paraiso,majority_all,44185.2,48001.0,47322.04,3136.84,7.1,-678.96,-1.41
Taiobeiras,aggregate_2d,33629.5,16550.0,29357.64,-4271.86,-12.7,12807.64,77.39
Taiobeiras,aggregate_3d,33629.5,16550.0,28446.88,-5182.62,-15.41,11896.88,71.88
Taiobeiras,aggregate_all,33629.5,16550.0,33767.99,138.49,0.41,17217.99,104.04
Taiobeiras,majority_2d,33629.5,16550.0,29357.64,-4271.86,-12.7,12807.64,77.39
Taiobeiras,majority_3d,33629.5,16550.0,22475.52,-11153.98,-33.17,5925.52,35.8
Taiobeiras,majority_all,33629.5,16550.0,22860.54,-10768.96,-32.02,6310.54,38.13
Veredinha,aggregate_2d,12602.2,12860.0,14859.86,2257.66,17.91,1999.86,15.55
Veredinha,aggregate_3d,12602.2,12860.0,15388.73,2786.53,22.11,2528.73,19.66
Veredinha,aggregate_all,12602.2,12860.0,16154.49,3552.29,28.19,3294.49,25.62
Veredinha,majority_2d,12602.2,12860.0,14859.86,2257.66,17.91,1999.86,15.55
Veredinha,majority_3d,12602.2,12860.0,14106.37,1504.17,11.94,1246.37,9.69
Veredinha,majority_all,12602.2,12860.0,14200.43,1598.23,12.68,1340.43,10.42
